{
    "images" : [
        {
            "size" : "29x29",
            "idiom" : "iphone",
            "filename" : "Icon_29.png",
            "scale" : "1x"
        },
        {
            "size" : "29x29",
            "idiom" : "iphone",
            "filename" : "Icon_58.png",
            "scale" : "2x"
        },
        {
            "size" : "40x40",
            "idiom" : "iphone",
            "filename" : "Icon_80.png",
            "scale" : "2x"
        },
        {
            "size" : "57x57",
            "idiom" : "iphone",
            "filename" : "Icon_57.png",
            "scale" : "1x"
        },
        {
            "size" : "57x57",
            "idiom" : "iphone",
            "filename" : "Icon_114.png",
            "scale" : "2x"
        },
        {
            "size" : "60x60",
            "idiom" : "iphone",
            "filename" : "Icon_120.png",
            "scale" : "2x"
        },
        {
            "size" : "29x29",
            "idiom" : "ipad",
            "filename" : "Icon_29.png",
            "scale" : "1x"
        },
        {
            "size" : "29x29",
            "idiom" : "ipad",
            "filename" : "Icon_58.png",
            "scale" : "2x"
        },
        {
            "size" : "40x40",
            "idiom" : "ipad",
            "filename" : "Icon_40.png",
            "scale" : "1x"
        },
        {
            "size" : "40x40",
            "idiom" : "ipad",
            "filename" : "Icon_80.png",
            "scale" : "2x"
        },
        {
            "size" : "50x50",
            "idiom" : "ipad",
            "filename" : "Icon_50.png",
            "scale" : "1x"
        },
        {
            "size" : "50x50",
            "idiom" : "ipad",
            "filename" : "Icon_100.png",
            "scale" : "2x"
        },
        {
            "size" : "72x72",
            "idiom" : "ipad",
            "filename" : "Icon_72.png",
            "scale" : "1x"
        },
        {
            "size" : "72x72",
            "idiom" : "ipad",
            "filename" : "Icon_144.png",
            "scale" : "2x"
        },
        {
            "size" : "76x76",
            "idiom" : "ipad",
            "filename" : "Icon_76.png",
            "scale" : "1x"
        },
        {
            "size" : "76x76",
            "idiom" : "ipad",
            "filename" : "Icon_152.png",
            "scale" : "2x"
        }
    ],
    "info" : {
        "version" : 1,
        "author" : "xcode"
    }
}
